--
-- PostgreSQL database dump
--

-- Dumped from database version 12.22 (Ubuntu 12.22-0ubuntu0.20.04.4)
-- Dumped by pg_dump version 12.22 (Ubuntu 12.22-0ubuntu0.20.04.4)

SET statement_timeout = 0;
SET lock_timeout = 0;
SET idle_in_transaction_session_timeout = 0;
SET client_encoding = 'UTF8';
SET standard_conforming_strings = on;
SELECT pg_catalog.set_config('search_path', '', false);
SET check_function_bodies = false;
SET xmloption = content;
SET client_min_messages = warning;
SET row_security = off;

--
-- Data for Name: customers; Type: TABLE DATA; Schema: public; Owner: freecodecamp
--

COPY public.customers (customer_id, phone, name) FROM stdin;
24	555-555-5555	Fabio
25		
26	1234	Rex
27	555-555-555	Rrr
28	555-555-55	Pow
29	55555	Por
30	5464	Tyu
31	1	Mnb
32	234234	dfjgdfg
33	2222	Re
\.


--
-- Data for Name: services; Type: TABLE DATA; Schema: public; Owner: freecodecamp
--

COPY public.services (service_id, name) FROM stdin;
1	cut
2	color
3	perm
4	style
5	trim
\.


--
-- Data for Name: appointments; Type: TABLE DATA; Schema: public; Owner: freecodecamp
--

COPY public.appointments (appointment_id, customer_id, service_id, "time") FROM stdin;
25	24	1	10:30
26	24	1	10:00
27	24	5	900
28	33	1	9000
29	24	1	12:00
\.


--
-- Name: appointments_appointment_id_seq; Type: SEQUENCE SET; Schema: public; Owner: freecodecamp
--

SELECT pg_catalog.setval('public.appointments_appointment_id_seq', 29, true);


--
-- Name: customers_customer_id_seq; Type: SEQUENCE SET; Schema: public; Owner: freecodecamp
--

SELECT pg_catalog.setval('public.customers_customer_id_seq', 33, true);


--
-- Name: services_service_id_seq; Type: SEQUENCE SET; Schema: public; Owner: freecodecamp
--

SELECT pg_catalog.setval('public.services_service_id_seq', 8, true);


--
-- PostgreSQL database dump complete
--

